chr	start	end	ref	alt	rsid
20	56092402	56092402	G	A	rs1985098
19	4302793	4302793	G	A	rs4807577
20	45035213	45035213	T	C	rs401379
12	57635257	57635257	C	T	rs7299890
12	49075984	49075984	T	G	rs61942053
13	41195992	41195992	T	C	rs4941987
2	128605151	128605151	T	C	rs41552916
5	168187760	168187760	G	C	rs2288797
18	21571852	21571852	C	T	rs75879888
7	38622605	38622605	C	G	rs6965154
14	63719571	63719571	C	T	rs58576344
8	17432969	17432969	T	C	rs2588168
6	41303067	41303067	A	G	rs60991481
6	24358202	24358202	G	A	rs9379657
13	20437772	20437772	T	C	rs9579724
2	58468760	58468760	A	T	rs6735296
20	16554067	16554067	A	G	rs4814510
9	112970172	112970172	G	A	rs4978417
4	6641299	6641299	C	G	rs6446518
1	236036013	236036013	G	A	rs57043847
9	108006948	108006948	T	C	rs390529
7	45139919	45139919	A	C	rs2289373
8	19363425	19363425	C	T	rs6984644
22	42470317	42470317	T	C	rs13057094
1	167097945	167097945	G	A	rs267747
3	160939141	160939141	C	T	rs28384382
6	144509510	144509510	T	C	rs17073503
15	80264443	80264443	G	A	rs62025493
1	156218114	156218114	G	A	rs2540169
10	74856576	74856576	C	G	rs28384495
1	155006451	155006451	C	G	rs76306191
11	44283722	44283722	G	A	rs897005
3	145837476	145837476	G	A	rs10935603
3	56591059	56591059	C	A	rs79600744
1	228030467	228030467	G	A	rs7411741
16	24866852	24866852	G	A	rs8052783
16	2033757	2033757	A	G	rs1465258
8	38644914	38644914	A	G	rs11467
1	224573601	224573601	C	T	rs12745610
17	79989546	79989546	C	T	rs190408119
4	99182288	99182288	C	G	rs79555838
6	129729721	129729721	T	G	rs6903654
8	48506628	48506628	G	A	rs4873395
9	14616757	14616757	T	C	rs10961620
10	65384487	65384487	A	G	rs7913255
3	184063791	184063791	A	G	rs9944
21	45350090	45350090	C	T	rs2070549
9	138987454	138987454	A	G	rs185043138
12	25362552	25362552	A	C	rs712
17	18281110	18281110	G	T	rs59738176
4	2936641	2936641	T	G	rs2857866
16	3659324	3659324	G	C	rs57910835
2	65542672	65542672	C	A	rs57652981
16	55358300	55358300	C	T	rs59283668
22	36601481	36601481	G	C	rs6000193
10	114205389	114205389	G	A	rs4918752
13	20977190	20977190	T	C	rs2313866
11	95709990	95709990	C	T	rs1053815
5	152869624	152869624	A	G	rs3792766
3	110791113	110791113	A	G	rs4682228
1	156698346	156698346	C	A	rs10908517
12	7917018	7917018	G	A	rs11055644
X	17653480	17653480	C	A	rs7880750
13	114794183	114794183	A	G	rs111993598
10	115312811	115312811	T	C	rs2240879
5	6491532	6491532	T	C	rs3733778
17	30821384	30821384	T	C	rs756787
5	31799138	31799138	T	C	rs72755477
2	237252454	237252454	C	A	rs72978647
X	152907551	152907551	A	G	rs3761534
7	138144257	138144257	T	C	rs7798391
10	27149908	27149908	G	A	rs2296544
1	205290965	205290965	C	T	rs35321028
14	95059210	95059210	G	A	rs7069
19	23571399	23571399	T	C	rs2170012
18	47088655	47088655	T	G	rs34474737
6	24544967	24544967	C	T	rs16889440
20	37386303	37386303	T	C	rs2255210
11	111169990	111169990	T	C	rs11213823
13	33589967	33589967	A	G	rs36217616
10	124814481	124814481	A	T	rs11248371
5	100238801	100238801	A	G	rs1428439
3	32279200	32279200	A	C	rs60315345
6	31088232	31088232	A	G	rs2302398
2	38830131	38830131	G	A	rs115855885
10	127730360	127730360	A	G	rs6693
4	41751211	41751211	G	A	rs28462174
11	31524323	31524323	G	A	rs1223116
5	161675427	161675427	T	C	rs13176931
18	56395588	56395588	A	G	rs35911461
19	40476720	40476720	C	T	rs28366011
6	159324196	159324196	A	T	rs9347271
16	75670858	75670858	G	T	rs74250915
16	75572820	75572820	G	A	rs2650396
15	49912946	49912946	T	C	rs16962664
5	175223616	175223616	G	A	rs2243404
9	133289174	133289174	G	A	rs7044220
16	4524584	4524584	C	A	rs17887050
14	47121179	47121179	G	A	rs8015548
20	23618656	23618656	C	G	rs5030707
